capital_marker,timezone,geo_lat,geo_lon,population,city_name
0.0,UTC+7,52.6516647,90.0885686,17111,Абаза
2.0,UTC+7,53.7223325,91.4436721,165183,Абакан
1.0,UTC+5,53.6778906,53.6472483,20663,Абдулино
1.0,UTC+3,44.8679655,38.1618157,34926,Абинск
0.0,UTC+5,55.8999056,53.9220144,16365,Агидель
1.0,UTC+3,56.5232864,52.9943775,19299,Агрыз
0.0,UTC+3,44.878414,39.190289,12689,Адыгейск
1.0,UTC+3,54.8598642,53.0745527,34859,Азнакаево
0.0,UTC+3,47.1121589,39.4232555,82882,Азов
0.0,UTC+7,51.178452,90.5985129,13469,Ак-Довурак
1.0,UTC+3,47.2676314,39.8756872,41984,Аксай
1.0,UTC+3,43.0417684,44.2199715,20949,Алагир
0.0,UTC+5,57.8475571,61.6693817,38198,Алапаевск
0.0,UTC+3,54.8397989,46.5721997,38202,Алатырь
1.0,UTC+9,58.6094283,125.3817188,21277,Алдан
0.0,UTC+7,52.4922513,82.7793606,28528,Алейск
1.0,UTC+3,56.391819,38.7111123,61544,Александров
0.0,UTC+5,59.1613221,57.5763459,15022,Александровск
1.0,UTC+11,50.8974378,142.1578559,10613,Александровск-Сахалинский
1.0,UTC+3,50.6299647,38.6880342,39026,Алексеевка
1.0,UTC+3,54.5083349,37.0478067,61738,Алексин
0.0,UTC+8,55.5551233,98.6643699,6751,Алзамай
0.0,UTC+3,44.6764304,34.4100624,29078,Алушта
1.0,UTC+3,54.9014619,52.2970467,146309,Альметьевск
0.0,UTC+10,50.2344147,136.8792444,42977,Амурск
2.0,UTC+12,64.7313924,177.5015421,13053,Анадырь
1.0,UTC+3,44.8950433,37.3163282,58983,Анапа
0.0,UTC+8,52.544879,103.888543,233765,Ангарск
1.0,UTC+3,56.6506724,32.2620163,8265,Андреаполь
0.0,UTC+7,56.0786281,86.0201278,76669,Анжеро-Судженск
1.0,UTC+11,46.713152,142.5265804,8449,Анива
0.0,UTC+3,67.5677761,33.4067929,59690,Апатиты
0.0,UTC+3,55.5276918,37.065143,18467,Апрелевка
1.0,UTC+3,44.4584006,39.7299824,40229,Апшеронск
0.0,UTC+5,56.694632,60.8343125,14227,Арамиль
0.0,UTC+3,43.2916774,45.8723105,29528,Аргун
1.0,UTC+3,54.8465544,46.2411232,9400,Ардатов
1.0,UTC+3,43.1755152,44.2955775,18774,Ардон
0.0,UTC+3,55.3945814,43.8408141,106367,Арзамас
1.0,UTC+4,51.938831,43.4999221,12846,Аркадак
0.0,UTC+3,45.0012149,41.1324168,188897,Армавир
0.0,UTC+3,46.1059307,33.6910012,21987,Армянск
0.0,UTC+10,44.1622031,133.2696209,56742,Арсеньев
1.0,UTC+3,56.0912567,49.877067,18114,Арск
0.0,UTC+10,43.3501675,132.1596175,102636,Артем
0.0,UTC+7,54.3473075,93.4358377,2180,Артемовск
1.0,UTC+5,57.3384177,61.8947443,32878,Артемовский
2.0,UTC+3,64.5394289,40.5169606,348716,Архангельск
0.0,UTC+5,57.0052277,61.4581156,70067,Асбест
1.0,UTC+7,56.9907085,86.1765257,25614,Асино
2.0,UTC+4,46.3655652,48.0559236,520662,Астрахань
0.0,UTC+4,51.8736062,45.0003247,25620,Аткарск
1.0,UTC+4,48.2752034,46.1906462,41898,Ахтубинск
0.0,UTC+7,56.253907,90.4794397,109156,Ачинск
1.0,UTC+5,54.9906527,57.2783953,31916,Аша
1.0,UTC+3,59.3892583,35.9377058,12074,Бабаево
0.0,UTC+8,51.7112755,105.8673219,4542,Бабушкин
1.0,UTC+3,54.4062891,53.2458065,22109,Бавлы
1.0,UTC+2,54.3866518,20.6418091,6399,Багратионовск
0.0,UTC+8,51.5230393,104.1487532,13589,Байкальск
1.0,UTC+5,52.5912896,58.3110998,17710,Баймак
0.0,UTC+5,54.9406399,58.8051698,20953,Бакал
1.0,UTC+3,43.6819137,43.5345036,36857,Баксан
0.0,UTC+3,55.1773714,36.6566951,26337,Балабаново
0.0,UTC+4,52.0224231,47.7827765,199576,Балаково
1.0,UTC+3,56.495036,43.5758423,51526,Балахна
0.0,UTC+3,55.796389,37.938283,215353,Балашиха
0.0,UTC+4,51.5388697,43.1839757,82222,Балашов
1.0,UTC+9,51.5823759,116.6379549,12536,Балей
1.0,UTC+2,54.6513372,19.9140572,32670,Балтийск
0.0,UTC+7,55.35146,78.3464506,30250,Барабинск
2.0,UTC+7,53.3479968,83.7798064,635585,Барнаул
0.0,UTC+4,53.6533992,47.1181134,17149,Барыш
0.0,UTC+3,47.1383299,39.7507179,112400,Батайск
0.0,UTC+3,44.7514769,33.8752176,27448,Бахчисарай
1.0,UTC+3,57.7860089,36.6904983,24517,Бежецк
1.0,UTC+3,48.1769737,40.8033529,43688,Белая Калитва
1.0,UTC+3,58.8415239,50.8460699,11232,Белая Холуница
2.0,UTC+3,50.5976472,36.5856652,356426,Белгород
1.0,UTC+5,54.1034582,54.1113129,60183,Белебей
1.0,UTC+3,53.8114179,36.1382247,13918,Белев
1.0,UTC+3,52.9640996,43.4183212,8567,Белинский
0.0,UTC+7,54.4220968,86.3037373,76752,Белово
0.0,UTC+9,50.9213415,128.4739471,68220,Белогорск
0.0,UTC+3,45.057202,34.5999029,16354,Белогорск
1.0,UTC+3,60.0308381,37.7890586,9614,Белозерск
0.0,UTC+7,51.996152,84.9839604,15072,Белокуриха
1.0,UTC+3,64.5378417,34.7799462,11217,Беломорск
0.0,UTC+3,55.4595766,38.4389742,17842,Белоозёрский
1.0,UTC+5,53.9676488,58.4100419,68804,Белорецк
1.0,UTC+3,44.7651876,39.8781494,53891,Белореченск
0.0,UTC+3,55.0956803,36.677629,8432,Белоусово
0.0,UTC+5,63.7121099,66.6772226,20283,Белоярский
1.0,UTC+3,55.8339056,32.9389741,3771,Белый
0.0,UTC+7,54.7582156,83.1070605,98809,Бердск
0.0,UTC+5,59.4079923,56.8039427,156350,Березники
0.0,UTC+7,55.6693513,86.2744459,47292,Березовский
0.0,UTC+5,56.9095924,60.8180907,51583,Березовский
1.0,UTC+3,43.1937529,44.5338707,36724,Беслан
0.0,UTC+7,52.5393864,85.2138453,203826,Бийск
0.0,UTC+10,46.8185743,134.2550718,17156,Бикин
1.0,UTC+12,68.0584191,166.4388172,5504,Билибино
2.0,UTC+10,48.7946446,132.9217207,75419,Биробиджан
1.0,UTC+5,55.4155753,55.5582214,41637,Бирск
0.0,UTC+8,55.9609167,97.8205348,8981,Бирюсинск
1.0,UTC+3,50.6484585,38.4005083,7842,Бирюч
2.0,UTC+9,50.290659,127.527198,214397,Благовещенск
1.0,UTC+5,55.0499867,55.9553186,34246,Благовещенск
1.0,UTC+3,45.0989782,43.4306455,32736,Благодарный
1.0,UTC+3,51.0901649,40.0318256,19738,Бобров
0.0,UTC+5,56.7764795,62.0463679,31752,Богданович
1.0,UTC+3,53.7701014,38.1225152,31897,Богородицк
1.0,UTC+3,56.1020828,43.5135442,25497,Богородск
0.0,UTC+7,56.2098468,89.5299336,21029,Боготол
1.0,UTC+3,49.9352454,40.5590801,11811,Богучар
0.0,UTC+8,57.8468636,114.1866287,15331,Бодайбо
1.0,UTC+3,59.4734797,33.845688,16593,Бокситогорск
1.0,UTC+3,54.974891,49.0303882,8650,Болгар
1.0,UTC+3,57.8855767,34.0537771,23499,Бологое
1.0,UTC+7,55.6692421,84.3906889,16969,Болотное
0.0,UTC+3,54.0820349,37.826724,9619,Болохово
1.0,UTC+3,53.4438496,36.0076833,11421,Болхов
0.0,UTC+10,43.1111742,132.3480082,39257,Большой Камень
0.0,UTC+3,56.3565458,44.0646481,78079,Бор
1.0,UTC+9,50.3876058,116.5234779,31376,Борзя
1.0,UTC+3,51.3655754,42.1008334,65585,Борисоглебск
1.0,UTC+3,58.3840197,33.9175929,54731,Боровичи
1.0,UTC+3,55.2130096,36.4926251,12283,Боровск
0.0,UTC+7,55.9054121,94.9020967,17423,Бородино
0.0,UTC+8,56.1513108,101.6340035,246348,Братск
0.0,UTC+3,55.4255379,38.264145,21102,Бронницы
2.0,UTC+3,53.2419535,34.3652146,415640,Брянск
1.0,UTC+3,54.5363495,52.7895849,89144,Бугульма
0.0,UTC+5,53.6523728,52.4326853,52249,Бугуруслан
1.0,UTC+3,44.7816067,44.1650339,64628,Буденновск
0.0,UTC+5,52.7881277,52.2624877,82816,Бузулук
1.0,UTC+3,54.9641538,48.2901209,20342,Буинск
1.0,UTC+3,58.4733277,41.5306822,25763,Буй
0.0,UTC+3,42.8214424,47.1165263,65735,Буйнакск
1.0,UTC+3,50.8311818,40.5976923,27208,Бутурлиновка
1.0,UTC+3,57.9823766,33.2369436,16099,Валдай
1.0,UTC+3,50.2111207,38.0998772,35322,Валуйки
1.0,UTC+3,55.6057916,31.1856206,7620,Велиж
0.0,UTC+3,56.332208,30.5508641,98778,Великие Луки
2.0,UTC+3,58.5213846,31.2755394,218724,Великий Новгород
1.0,UTC+3,60.7603913,46.3054414,31664,Великий Устюг
1.0,UTC+3,61.066,42.1032789,23885,Вельск
1.0,UTC+3,54.3542315,38.2642236,15220,Венев
1.0,UTC+5,58.0797571,54.6581309,22760,Верещагино
0.0,UTC+3,55.343369,36.185694,5368,Верея
1.0,UTC+5,53.8760961,59.2169852,9459,Верхнеуральск
0.0,UTC+5,57.3763758,59.9517653,11843,Верхний Тагил
0.0,UTC+5,56.0487158,60.2318886,30504,Верхний Уфалей
0.0,UTC+5,56.9758903,60.5650383,58707,Верхняя Пышма
0.0,UTC+5,58.0465803,60.5560164,46240,Верхняя Салда
0.0,UTC+5,58.3643685,59.8265235,9468,Верхняя Тура
1.0,UTC+5,58.8622073,60.8103945,8815,Верхотурье
0.0,UTC+10,67.5502451,133.390735,1311,Верхоянск
1.0,UTC+3,58.6582598,37.2567558,7330,Весьегонск
1.0,UTC+3,57.8559204,45.7761957,8956,Ветлуга
1.0,UTC+3,55.551725,37.7061984,56798,Видное
1.0,UTC+9,63.7517616,121.627284,10233,Вилюйск
0.0,UTC+12,52.9302415,158.4057632,22905,Вилючинск
0.0,UTC+8,56.1208145,101.1702926,22528,Вихоревка
1.0,UTC+3,57.2044698,41.9132201,37609,Вичуга
2.0,UTC+10,43.1164904,131.8823937,592069,Владивосток
2.0,UTC+3,43.020588,44.6819182,311635,Владикавказ
2.0,UTC+3,56.1280804,40.4084376,348256,Владимир
2.0,UTC+3,48.7070042,44.5170339,1021244,Волгоград
0.0,UTC+3,47.5165338,42.1984951,170621,Волгодонск
0.0,UTC+3,57.4424559,41.1594201,17108,Волгореченск
0.0,UTC+3,55.8623156,48.3715083,55671,Волжск
0.0,UTC+3,48.7978209,44.7462538,314436,Волжский
2.0,UTC+3,59.2483905,39.8355662,301642,Вологда
1.0,UTC+3,56.2169751,43.1596417,9924,Володарск
1.0,UTC+3,56.0356499,35.9585112,23386,Волоколамск
1.0,UTC+3,59.4445408,29.4923355,12162,Волосово
1.0,UTC+3,59.9005958,32.3520756,47344,Волхов
0.0,UTC+5,59.9351707,60.0798618,10008,Волчанск
0.0,UTC+4,52.0459865,47.3873595,66520,Вольск
0.0,UTC+3,67.4974082,64.061034,70551,Воркута
2.0,UTC+3,51.6593332,39.1969229,889680,Воронеж
0.0,UTC+3,55.989943,43.2718859,11622,Ворсма
0.0,UTC+3,55.3071519,38.7027953,91301,Воскресенск
0.0,UTC+4,57.0518149,53.9873096,100034,Воткинск
1.0,UTC+3,60.0191278,30.6456718,59689,Всеволожск
0.0,UTC+3,63.8615274,57.3165402,12357,Вуктыл
1.0,UTC+3,60.7130801,28.7328336,80013,Выборг
1.0,UTC+3,55.3207727,42.1678834,56196,Выкса
0.0,UTC+3,56.3359513,36.5251837,10642,Высоковск
0.0,UTC+3,60.6296236,28.5709314,1244,Высоцк
1.0,UTC+3,61.0063465,36.4495137,10490,Вытегра
0.0,UTC+3,57.568302,34.5404016,52326,Вышний Волочек
1.0,UTC+10,47.5353379,134.7553856,14556,Вяземский
1.0,UTC+3,56.29773,42.2687398,41252,Вязники
1.0,UTC+3,55.2116983,34.2951663,57103,Вязьма
1.0,UTC+3,56.2284817,51.0614855,35159,Вятские Поляны
1.0,UTC+3,56.5586946,40.1228906,6434,Гаврилов Посад
1.0,UTC+3,57.3091058,39.8546444,17792,Гаврилов-Ям
1.0,UTC+3,55.5525228,34.9950502,31721,Гагарин
0.0,UTC+3,69.2491311,33.315341,11089,Гаджиево
0.0,UTC+5,51.4649189,58.4436875,38302,Гай
1.0,UTC+3,58.3828191,42.3654013,17346,Галич
1.0,UTC+3,59.565237,30.1282473,92566,Гатчина
1.0,UTC+2,54.6588378,21.0501388,13888,Гвардейск
1.0,UTC+3,58.7432429,27.8264809,4379,Гдов
0.0,UTC+3,44.5630007,38.0790852,54813,Геленджик
0.0,UTC+3,44.1485694,43.4739851,72126,Георгиевск
0.0,UTC+4,58.1359233,52.6635038,95835,Глазов
0.0,UTC+3,55.6190582,36.9856793,17447,Голицыно
0.0,UTC+3,56.1307769,43.0626185,2278,Горбатов
2.0,UTC+7,51.9581028,85.9603235,62861,Горно-Алтайск
1.0,UTC+5,58.3742532,58.3231716,12334,Горнозаводск
1.0,UTC+7,50.9979622,81.4643358,13040,Горняк
1.0,UTC+3,56.6449218,43.4723104,30699,Городец
1.0,UTC+3,53.2726916,45.7026142,8102,Городище
1.0,UTC+3,46.0875083,41.935537,9565,Городовиковск
1.0,UTC+3,56.2021036,42.6926111,14015,Гороховец
0.0,UTC+3,44.6344864,39.1354738,30093,Горячий Ключ
1.0,UTC+3,50.4862958,35.6663877,6234,Грайворон
0.0,UTC+5,58.5626082,57.8520572,11005,Гремячинск
2.0,UTC+3,43.3180145,45.698291,271596,Грозный
1.0,UTC+3,52.4874097,39.9331142,46798,Грязи
1.0,UTC+3,58.8757553,40.2485362,15528,Грязовец
0.0,UTC+5,58.8371721,57.554533,27544,Губаха
1.0,UTC+3,51.2837123,37.5347759,88562,Губкин
0.0,UTC+5,64.4457594,76.4713274,23340,Губкинский
1.0,UTC+3,43.3519142,46.1035645,45643,Гудермес
0.0,UTC+3,48.0448904,39.9484672,67268,Гуково
1.0,UTC+3,45.3605121,40.6918389,35225,Гулькевичи
1.0,UTC+2,54.770638,20.6039767,12433,Гурьевск
1.0,UTC+7,54.2859263,85.9475985,24816,Гурьевск
1.0,UTC+2,54.5915455,22.1942445,28260,Гусев
1.0,UTC+8,51.2865048,106.5230319,23280,Гусиноозерск
0.0,UTC+3,55.6198751,40.6579929,60773,Гусь-Хрустальный
1.0,UTC+5,54.2226707,55.0312373,24040,Давлеканово
0.0,UTC+3,42.1152296,48.1939354,30671,Дагестанские Огни
1.0,UTC+5,56.262114,62.9387011,13913,Далматово
0.0,UTC+10,44.5539457,135.5662716,37503,Дальнегорск
0.0,UTC+10,45.9308483,133.7316907,27601,Дальнереченск
1.0,UTC+3,58.1860098,40.1795067,15861,Данилов
1.0,UTC+3,53.2577411,39.1456184,21056,Данков
0.0,UTC+5,56.7048206,60.079138,15521,Дегтярск
0.0,UTC+3,55.8703276,37.1245043,29280,Дедовск
1.0,UTC+3,55.2682105,31.5062809,7333,Демидов
0.0,UTC+3,42.058966,48.2907452,119961,Дербент
0.0,UTC+3,54.146457,33.2833222,29677,Десногорск
0.0,UTC+3,45.7092306,34.3883372,38622,Джанкой
0.0,UTC+3,56.2376047,43.4599416,240762,Дзержинск
0.0,UTC+3,55.6240869,37.8440276,47125,Дзержинский
0.0,UTC+7,55.9576784,92.3800687,28271,Дивногорск
1.0,UTC+3,43.1567628,44.1549483,10856,Дигора
0.0,UTC+4,54.2167926,49.6262585,122549,Димитровград
0.0,UTC+3,52.1268464,35.0739038,7721,Дмитриев
0.0,UTC+3,56.3477457,37.526672,61454,Дмитров
1.0,UTC+3,52.5054851,35.1415009,5956,Дмитровск
1.0,UTC+3,57.826974,29.9629389,9061,Дно
0.0,UTC+5,58.469685,56.4130737,35720,Добрянка
0.0,UTC+3,55.9385999,37.5101021,90976,Долгопрудный
1.0,UTC+11,47.3255783,142.7945071,12200,Долинск
0.0,UTC+3,55.4363283,37.7664984,96123,Домодедово
0.0,UTC+3,48.3350706,39.945891,50085,Донецк
0.0,UTC+3,53.9678944,38.3371824,64561,Донской
1.0,UTC+3,54.9136959,33.3023162,10720,Дорогобуж
0.0,UTC+3,55.7443143,38.8498479,11815,Дрезна
0.0,UTC+3,56.741786,37.1757223,70569,Дубна
1.0,UTC+3,49.0554742,44.8270085,14345,Дубовка
1.0,UTC+7,69.4031364,86.1907218,22207,Дудинка
1.0,UTC+3,55.1950257,32.401252,4370,Духовщина
1.0,UTC+5,55.4848318,54.8524765,31272,Дюртюли
1.0,UTC+3,53.5958178,34.3551812,29438,Дятьково
0.0,UTC+3,45.190629,33.367634,105719,Евпатория
0.0,UTC+3,55.3830113,39.0358317,70133,Егорьевск
1.0,UTC+3,46.71157,38.2763895,87771,Ейск
2.0,UTC+5,56.8385216,60.6054911,1377738,Екатеринбург
1.0,UTC+3,55.7567107,52.0543794,70750,Елабуга
0.0,UTC+3,52.6152411,38.5289342,108404,Елец
1.0,UTC+12,53.1830375,158.3883548,39548,Елизово
1.0,UTC+3,54.5837795,33.1749867,10095,Ельня
1.0,UTC+5,54.7554548,61.3243477,30218,Еманжелинск
1.0,UTC+3,62.5965137,50.8732125,14574,Емва
0.0,UTC+7,58.4485261,92.1651083,18769,Енисейск
0.0,UTC+3,55.1971758,36.5952722,10409,Ермолино
1.0,UTC+4,51.3508505,48.2762226,21447,Ершов
0.0,UTC+3,44.0446186,42.8588653,100969,Ессентуки
1.0,UTC+3,53.1464766,38.0921657,42350,Ефремов
0.0,UTC+3,44.1320568,43.0306461,24496,Железноводск
0.0,UTC+7,56.2529035,93.532273,85559,Железногорск
1.0,UTC+3,52.3380202,35.3516867,95057,Железногорск
1.0,UTC+8,56.5847888,104.114275,26134,Железногорск-Илимский
1.0,UTC+3,51.8422192,41.4617687,15211,Жердевка
0.0,UTC+4,53.4011981,49.4945176,57565,Жигулевск
1.0,UTC+3,53.7521926,34.7386592,5585,Жиздра
1.0,UTC+3,50.9768814,44.7858202,16890,Жирновск
1.0,UTC+3,55.0301833,36.7394903,12150,Жуков
1.0,UTC+3,53.5340397,33.7302579,18269,Жуковка
0.0,UTC+3,55.599803,38.1224298,102729,Жуковский
1.0,UTC+9,50.1064111,129.4391813,11481,Завитинск
1.0,UTC+5,56.5027463,66.5513613,25657,Заводоуковск
1.0,UTC+3,57.4918141,42.1375625,12045,Заволжск
0.0,UTC+3,56.6404286,43.3872492,40265,Заволжье
1.0,UTC+3,52.4004179,38.9205032,9695,Задонск
1.0,UTC+3,55.299053,52.0062972,41798,Заинск
1.0,UTC+8,50.372713,103.286699,11249,Закаменск
0.0,UTC+7,55.9617752,94.7091491,10683,Заозерный
0.0,UTC+3,69.4003584,32.4501496,11206,Заозерск
1.0,UTC+3,56.2566492,32.0805315,9376,Западная Двина
0.0,UTC+3,69.4132852,30.7984312,15835,Заполярный
1.0,UTC+3,54.762456,38.8850978,24648,Зарайск
0.0,UTC+3,53.1960836,45.1689907,63579,Заречный
0.0,UTC+5,56.8102931,61.3380029,26803,Заречный
0.0,UTC+7,53.7063476,84.9315081,47035,Заринск
1.0,UTC+3,55.9738571,48.0170245,11945,Звенигово
0.0,UTC+3,55.7297089,36.8554029,16395,Звенигород
0.0,UTC+3,48.0435487,40.1265822,22416,Зверево
0.0,UTC+7,56.1131564,94.5888103,66018,Зеленогорск
1.0,UTC+2,54.9600185,20.4753652,13015,Зеленоградск
1.0,UTC+3,55.8466651,48.5010954,97651,Зеленодольск
1.0,UTC+3,44.4032668,43.8841877,35790,Зеленокумск
1.0,UTC+3,46.8495958,40.312837,26850,Зерноград
0.0,UTC+9,53.7340088,127.265787,25042,Зея
0.0,UTC+8,53.920693,102.0491772,32522,Зима
0.0,UTC+5,55.1714905,59.6725549,174985,Златоуст
1.0,UTC+3,52.4267015,31.7360399,5507,Злынка
1.0,UTC+7,51.1581094,82.1872547,10569,Змеиногорск
0.0,UTC+4,48.5866291,45.7368019,29357,Знаменск
1.0,UTC+3,56.1760868,34.5825515,6937,Зубцов
1.0,UTC+3,58.4032152,51.1331606,11198,Зуевка
0.0,UTC+3,59.3766119,28.2231659,9797,Ивангород
2.0,UTC+3,56.9993792,40.9728272,409277,Иваново
0.0,UTC+3,55.9741665,37.9207539,58594,Ивантеевка
0.0,UTC+5,60.6944496,60.4245069,17764,Ивдель
0.0,UTC+7,67.4666901,86.5812794,6183,Игарка
2.0,UTC+4,56.852738,53.2114896,628117,Ижевск
0.0,UTC+3,42.5650962,47.8710051,56301,Избербаш
1.0,UTC+3,45.3684296,41.708702,40546,Изобильный
1.0,UTC+7,56.2374037,96.067267,16108,Иланский
1.0,UTC+4,53.8549647,46.3533459,18547,Инза
0.0,UTC+3,55.7521699,48.7446846,96,Иннополис
1.0,UTC+3,53.8770022,44.3696566,8687,Инсар
0.0,UTC+3,66.0367316,60.1152961,32021,Инта
1.0,UTC+3,45.7181751,42.8970206,26055,Ипатово
0.0,UTC+5,57.6838362,63.057675,38352,Ирбит
2.0,UTC+8,52.2864036,104.2807466,587225,Иркутск
1.0,UTC+6,54.9096002,71.2816284,25905,Исилькуль
0.0,UTC+7,54.6267603,83.2951244,60072,Искитим
0.0,UTC+3,55.9062267,36.8601454,35106,Истра
1.0,UTC+5,56.1104858,69.4795776,69567,Ишим
1.0,UTC+5,53.4545764,56.0438751,66259,Ишимбай
2.0,UTC+3,56.6343662,47.8999706,248688,Йошкар-Ола
0.0,UTC+3,59.5037764,40.3441148,4797,Кадников
2.0,UTC+3,55.7943584,49.1114975,1216965,Казань
1.0,UTC+3,50.4242134,41.0162014,20046,Калач
1.0,UTC+3,48.6889024,43.5306303,26892,Калач-на-Дону
1.0,UTC+6,55.0598155,74.5653644,24000,Калачинск
2.0,UTC+2,54.7074702,20.5073241,431491,Калининград
1.0,UTC+4,51.4993591,44.4710435,16442,Калининск
0.0,UTC+7,53.5210919,87.2771636,21893,Калтан
2.0,UTC+3,54.5059848,36.2516245,325185,Калуга
1.0,UTC+3,57.2579478,37.7819693,13870,Калязин
1.0,UTC+4,56.2659916,54.193374,11028,Камбарка
1.0,UTC+3,53.1855463,44.0469717,39579,Каменка
0.0,UTC+3,60.950855,29.1308372,6761,Каменногорск
0.0,UTC+5,56.414962,61.9188674,174710,Каменск-Уральский
0.0,UTC+3,48.3205326,40.2689583,95306,Каменск-Шахтинский
1.0,UTC+7,53.7913974,81.3545053,41787,Камень-на-Оби
1.0,UTC+3,56.3490152,40.9955183,13113,Камешково
1.0,UTC+4,46.110579,48.07333,16291,Камызяк
0.0,UTC+3,50.0651529,45.3844202,119924,Камышин
0.0,UTC+5,56.8465034,62.7119766,26875,Камышлов
0.0,UTC+3,55.507,47.4918273,45608,Канаш
1.0,UTC+3,67.1567974,32.4143218,35659,Кандалакша
0.0,UTC+7,56.2051282,95.7051096,94230,Канск
0.0,UTC+3,56.3131822,38.7034257,14868,Карабаново
0.0,UTC+5,55.4852323,60.2358881,13151,Карабаш
0.0,UTC+3,43.3055248,44.9094582,31081,Карабулак
1.0,UTC+7,53.7343189,78.0422967,28929,Карасук
1.0,UTC+3,43.7732525,41.9143472,23848,Карачаевск
1.0,UTC+3,53.1296524,34.9888727,19715,Карачев
1.0,UTC+7,55.1945666,80.2829495,10620,Каргат
1.0,UTC+3,61.5009724,38.9636966,10148,Каргополь
0.0,UTC+5,59.7665925,60.0011703,29118,Карпинск
1.0,UTC+5,53.0536197,60.6478408,29136,Карталы
1.0,UTC+3,54.9373475,41.3913211,33494,Касимов
1.0,UTC+5,55.8868784,60.7421663,16998,Касли
0.0,UTC+3,42.8916007,47.6367066,103914,Каспийск
1.0,UTC+5,54.7521438,58.1983648,17640,Катав-Ивановск
1.0,UTC+5,56.290809,62.5800359,14017,Катайск
0.0,UTC+5,58.7051762,59.4839155,42563,Качканар
1.0,UTC+3,57.360194,37.6119436,16174,Кашин
0.0,UTC+3,54.853337,38.1904392,41880,Кашира
0.0,UTC+7,57.561869,79.5677821,2451,Кедровый
2.0,UTC+7,55.3910651,86.0467781,532884,Кемерово
0.0,UTC+3,64.9543539,34.5949263,13061,Кемь
0.0,UTC+3,45.3562627,36.4674513,147033,Керчь
0.0,UTC+5,59.0512783,57.6471028,20277,Кизел
0.0,UTC+3,43.203825,46.8729636,36187,Кизилюрт
0.0,UTC+3,43.8484083,46.7233699,49169,Кизляр
1.0,UTC+3,53.9698378,38.5380808,28493,Кимовск
0.0,UTC+3,56.8733213,37.3556605,49623,Кимры
1.0,UTC+3,59.3740435,28.6112444,48667,Кингисепп
0.0,UTC+4,53.2210298,50.6343776,34472,Кинель
0.0,UTC+3,57.4425463,42.168914,88113,Кинешма
1.0,UTC+3,53.9319555,37.9220351,25585,Киреевск
1.0,UTC+8,57.7756595,108.1109412,12652,Киренск
1.0,UTC+3,56.1486863,38.8635701,30044,Киржач
1.0,UTC+3,59.8591523,38.3748782,7735,Кириллов
1.0,UTC+3,59.4742862,32.0624947,52826,Кириши
1.0,UTC+3,54.0790111,34.3076201,31888,Киров
2.0,UTC+3,58.6035264,49.6679304,473668,Киров
0.0,UTC+5,57.4299433,60.0624051,21959,Кировград
1.0,UTC+3,58.5559424,50.0316848,80920,Кирово-Чепецк
1.0,UTC+3,59.8754216,30.981364,25633,Кировск
0.0,UTC+3,67.6150424,33.663735,28659,Кировск
1.0,UTC+3,59.340056,52.2414437,10420,Кирс
0.0,UTC+3,52.6506335,42.7286445,17240,Кирсанов
0.0,UTC+7,54.0059999,86.6366116,98382,Киселевск
0.0,UTC+3,43.9052044,42.7168721,128502,Кисловодск
0.0,UTC+3,56.3425605,36.7240032,80584,Клин
0.0,UTC+3,52.7529119,32.233911,62510,Клинцы
1.0,UTC+3,55.8205915,45.032337,6708,Княгинино
1.0,UTC+3,67.5661417,30.4741941,18836,Ковдор
0.0,UTC+3,56.3554349,41.3170576,145492,Ковров
1.0,UTC+3,54.0391072,43.9191539,21307,Ковылкино
0.0,UTC+5,62.2639527,74.4829794,58192,Когалым
1.0,UTC+7,58.6032644,99.1797962,14835,Кодинск
1.0,UTC+3,54.0347201,35.780768,18203,Козельск
1.0,UTC+3,55.8406025,48.2577735,10355,Козловка
0.0,UTC+3,56.3334036,46.546675,21262,Козьмодемьянск
1.0,UTC+3,68.8786028,33.0262299,10447,Кола
1.0,UTC+3,58.8269323,44.3184927,3314,Кологрив
0.0,UTC+3,55.102814,38.7531002,144642,Коломна
1.0,UTC+7,58.3114253,82.9025829,24126,Колпашево
1.0,UTC+3,56.3327254,39.391336,45804,Кольчугино
0.0,UTC+3,59.6215133,30.3934125,20265,Коммунар
1.0,UTC+3,57.0273052,40.3776851,8693,Комсомольск
0.0,UTC+10,50.5498936,137.0079408,263906,Комсомольск-на-Амуре
1.0,UTC+3,56.7275204,36.8012716,41303,Конаково
1.0,UTC+3,62.2059817,34.2682122,32978,Кондопога
1.0,UTC+3,54.7959473,35.9274842,16672,Кондрово
1.0,UTC+3,47.5773717,41.0967445,17926,Константиновск
0.0,UTC+5,55.116665,61.6179185,137604,Копейск
1.0,UTC+3,53.9246659,40.0227745,12657,Кораблино
1.0,UTC+3,45.4641703,39.458949,41179,Кореновск
1.0,UTC+5,54.8903147,61.4034576,38950,Коркино
0.0,UTC+3,55.9161773,37.8545415,183452,Королёв
1.0,UTC+3,50.8129041,37.1896436,5877,Короча
1.0,UTC+11,46.6324545,142.799445,33526,Корсаков
0.0,UTC+3,61.2885948,47.1003015,39629,Коряжма
0.0,UTC+3,55.9337222,39.6247398,9136,Костерево
0.0,UTC+3,64.5889398,30.6016832,28433,Костомукша
2.0,UTC+3,57.768,40.927,268617,Кострома
0.0,UTC+3,55.6597925,37.8631156,32347,Котельники
1.0,UTC+3,47.6310259,43.1330872,20441,Котельниково
1.0,UTC+3,58.3034832,48.3475597,24979,Котельнич
1.0,UTC+3,61.2528972,46.633242,60562,Котлас
1.0,UTC+3,50.3205766,44.8030699,24104,Котово
0.0,UTC+3,52.5924489,41.5101237,31851,Котовск
1.0,UTC+3,56.9324606,41.0931657,29408,Кохма
0.0,UTC+3,60.9612823,46.4814116,7003,Красавино
0.0,UTC+3,56.105426,38.140838,26294,Красноармейск
0.0,UTC+4,51.023541,45.695044,24362,Красноармейск
1.0,UTC+5,60.3901321,57.0535682,17129,Красновишерск
1.0,UTC+3,55.8317203,37.3295266,116738,Красногорск
2.0,UTC+3,45.0401604,38.9759647,744933,Краснодар
0.0,UTC+3,56.4409979,38.2320307,13432,Краснозаводск
1.0,UTC+2,54.9453423,22.4928745,3522,Краснознаменск
0.0,UTC+3,55.5978959,37.0393709,36057,Краснознаменск
1.0,UTC+9,50.0929703,118.0323936,55668,Краснокаменск
0.0,UTC+5,58.0822065,55.7479936,52632,Краснокамск
0.0,UTC+3,45.9537576,33.7921939,26268,Красноперекопск
0.0,UTC+3,48.7068721,44.5630857,16007,Краснослободск
1.0,UTC+3,54.4248207,43.7845011,10151,Краснослободск
0.0,UTC+5,59.7636635,60.1934525,59701,Краснотурьинск
0.0,UTC+5,58.348651,60.0408764,24973,Красноуральск
0.0,UTC+5,56.612387,57.7636637,39765,Красноуфимск
2.0,UTC+7,56.0093879,92.8524806,973826,Красноярск
1.0,UTC+4,50.9598317,46.9712016,14420,Красный Кут
1.0,UTC+3,47.8831311,40.0781298,40866,Красный Сулин
1.0,UTC+3,58.0571446,37.1126156,5608,Красный Холм
0.0,UTC+3,54.8862447,37.1168701,11617,Кременки
0.0,UTC+3,45.4333007,40.5727951,80743,Кропоткин
1.0,UTC+3,44.9344404,37.9855795,57370,Крымск
1.0,UTC+3,56.1432084,44.1664198,66641,Кстово
0.0,UTC+3,55.5754955,36.6951995,22918,Кубинка
0.0,UTC+5,51.4783857,57.3612636,26176,Кувандык
1.0,UTC+3,57.0265168,34.1676009,10008,Кувшиново
0.0,UTC+3,59.9075226,30.5121008,13501,Кудрово
0.0,UTC+5,59.0167925,54.6572508,30711,Кудымкар
1.0,UTC+3,53.1130888,46.605092,88886,Кузнецк
0.0,UTC+7,55.4685094,78.3242048,47278,Куйбышев
1.0,UTC+3,56.1861392,50.8970238,17700,Кукмор
1.0,UTC+3,55.4296181,42.5125538,35762,Кулебаки
0.0,UTC+5,52.7564939,55.7970197,62854,Кумертау
0.0,UTC+5,57.4283296,56.9438656,67857,Кунгур
1.0,UTC+7,54.366055,77.2973368,15448,Купино
2.0,UTC+5,55.4443883,65.3161963,333640,Курган
1.0,UTC+3,44.8877025,40.5913245,47974,Курганинск
1.0,UTC+11,45.2270954,147.8796323,2070,Курильск
0.0,UTC+3,55.452698,40.6124108,6791,Курлово
0.0,UTC+3,55.5792277,38.9207723,21821,Куровское
2.0,UTC+3,51.7303637,36.1925603,414595,Курск
1.0,UTC+5,54.9368539,64.4203722,17098,Куртамыш
1.0,UTC+3,43.2046547,46.0889364,25672,Курчалой
1.0,UTC+3,51.6604083,35.6572224,42691,Курчатов
1.0,UTC+5,55.3386053,59.4385778,18792,Куса
0.0,UTC+5,58.2826013,59.7645766,33027,Кушва
2.0,UTC+7,51.7191047,94.4376882,109906,Кызыл
0.0,UTC+5,55.7061276,60.5563781,38950,Кыштым
1.0,UTC+8,50.346543,106.4533516,20013,Кяхта
1.0,UTC+3,44.6354363,40.7245341,62822,Лабинск
0.0,UTC+5,66.6592841,66.3883009,26948,Лабытнанги
1.0,UTC+3,45.3930912,47.3432602,14323,Лагань
0.0,UTC+2,54.5692156,20.1690153,3788,Ладушкин
1.0,UTC+3,55.4042867,49.5499838,7735,Лаишево
0.0,UTC+3,56.0180587,39.956551,15707,Лакинск
0.0,UTC+5,61.2536939,75.1807763,41675,Лангепас
1.0,UTC+3,61.518881,30.1996116,7818,Лахденпохья
1.0,UTC+3,53.0156117,39.143536,20991,Лебедянь
1.0,UTC+3,54.5967034,52.4431906,64145,Лениногорск
1.0,UTC+3,48.6936061,45.1992692,15527,Ленинск
0.0,UTC+7,54.6674492,86.1797324,101666,Ленинск-Кузнецкий
1.0,UTC+9,60.7276196,114.9548255,24955,Ленск
0.0,UTC+3,44.1054107,42.973135,22540,Лермонтов
0.0,UTC+5,58.6348516,59.7981565,52464,Лесной
0.0,UTC+10,45.4780092,133.4186199,36975,Лесозаводск
0.0,UTC+7,58.221681,92.5037872,61146,Лесосибирск
0.0,UTC+3,52.4284558,37.6039506,50430,Ливны
0.0,UTC+3,55.7078257,38.9578093,31331,Ликино-Дулёво
2.0,UTC+3,52.610249,39.5947883,508124,Липецк
0.0,UTC+3,53.9417551,37.7020148,8741,Липки
1.0,UTC+3,50.9945626,39.5184909,55864,Лиски
1.0,UTC+3,57.1221304,35.4667605,12259,Лихославль
0.0,UTC+3,56.0328881,37.4614035,74350,Лобня
1.0,UTC+3,60.7320936,33.5521022,21053,Лодейное Поле
0.0,UTC+3,55.8713214,38.200599,22550,Лосино-Петровский
1.0,UTC+3,58.7374031,29.8465776,36409,Луга
1.0,UTC+3,60.6290609,47.2612445,11262,Луза
1.0,UTC+3,55.0326225,44.4933807,14949,Лукоянов
1.0,UTC+3,54.9652077,39.0260266,29849,Луховицы
1.0,UTC+3,56.0262359,45.035771,21882,Лысково
0.0,UTC+5,58.0995875,57.8086825,67712,Лысьва
0.0,UTC+3,55.5778163,37.9033507,55147,Лыткарино
1.0,UTC+3,51.6597148,35.2612491,21452,Льгов
0.0,UTC+3,59.3493847,31.2484801,4188,Любань
1.0,UTC+3,55.676499,37.898125,171978,Люберцы
1.0,UTC+3,58.3620228,40.686841,5553,Любим
1.0,UTC+3,53.8700828,34.4385915,40550,Людиново
0.0,UTC+5,61.6392863,72.179409,38922,Лянтор
2.0,UTC+11,59.5681332,150.8084956,95925,Магадан
2.0,UTC+3,43.1688611,44.8131207,2505,Магас
0.0,UTC+5,53.4072153,58.9791437,408401,Магнитогорск
2.0,UTC+3,44.6098268,40.1006606,144055,Майкоп
1.0,UTC+3,43.6281516,44.0517314,26755,Майский
1.0,UTC+11,48.6236334,142.7803205,6788,Макаров
1.0,UTC+3,57.8807152,43.8014197,7114,Макарьев
1.0,UTC+5,55.2153947,67.2451705,8337,Макушино
1.0,UTC+3,58.8458379,32.2247401,12461,Малая Вишера
0.0,UTC+3,43.5096646,44.5901963,31076,Малгобек
1.0,UTC+3,56.5243844,50.6782739,8265,Малмыж
1.0,UTC+3,52.4002192,36.5038579,3872,Малоархангельск
1.0,UTC+3,55.0177123,36.4633603,30401,Малоярославец
1.0,UTC+3,55.7150413,51.4129016,14432,Мамадыш
0.0,UTC+2,54.4646036,19.9453482,7757,Мамоново
1.0,UTC+3,58.3265441,44.757494,17479,Мантурово
1.0,UTC+7,56.2127383,87.7454924,40522,Мариинск
1.0,UTC+3,56.111923,47.7142942,10186,Мариинский Посад
0.0,UTC+4,51.7133337,46.7400339,31535,Маркс
2.0,UTC+3,42.9849159,47.5047181,577990,Махачкала
1.0,UTC+3,53.0599771,32.8468129,7916,Мглин
0.0,UTC+5,61.0318712,76.1025878,49471,Мегион
1.0,UTC+3,62.9127626,34.4568489,15536,Медвежьегорск
0.0,UTC+5,51.4037617,57.583163,27253,Медногорск
1.0,UTC+3,54.9689785,35.8872168,8298,Медынь
0.0,UTC+5,54.2397689,57.9614547,17353,Межгорье
0.0,UTC+7,53.6865289,88.0702754,101995,Междуреченск
1.0,UTC+3,65.8398078,44.2532273,3599,Мезень
1.0,UTC+3,55.3387515,41.6340046,15208,Меленки
1.0,UTC+5,52.9589532,55.9282838,61408,Мелеуз
1.0,UTC+3,55.895169,52.3143347,22075,Менделеевск
1.0,UTC+3,55.7270698,53.1003968,16474,Мензелинск
1.0,UTC+3,54.3191471,35.2816918,4101,Мещовск
0.0,UTC+5,55.0456457,60.1077572,151812,Миасс
0.0,UTC+3,62.3579068,50.0719503,10732,Микунь
1.0,UTC+3,48.9260077,40.3984087,36493,Миллерово
1.0,UTC+3,44.2087273,43.138408,76715,Минеральные Воды
0.0,UTC+7,53.7104586,91.6872907,71171,Минусинск
0.0,UTC+5,55.0709557,57.548478,10195,Миньяр
0.0,UTC+3,62.7645265,40.3360076,30259,Мирный
1.0,UTC+9,62.536232,113.9667728,37179,Мирный
1.0,UTC+3,54.2297402,39.0091481,11783,Михайлов
0.0,UTC+3,50.0708719,43.2401512,59153,Михайловка
0.0,UTC+5,56.4370039,59.1137316,9215,Михайловск
1.0,UTC+3,45.1297323,42.0288443,71018,Михайловск
1.0,UTC+3,52.8912389,40.5104443,98758,Мичуринск
1.0,UTC+9,53.7361398,119.7660867,13228,Могоча
1.0,UTC+3,55.5069259,36.024043,31388,Можайск
0.0,UTC+4,56.4427774,52.2137886,47959,Можга
1.0,UTC+3,43.7471342,44.6569607,38748,Моздок
0.0,UTC+3,67.9386153,32.9359719,45381,Мончегорск
1.0,UTC+3,48.3511807,41.8309225,27644,Морозовск
0.0,UTC+3,53.4436216,41.8115478,41550,Моршанск
1.0,UTC+3,54.4824939,34.9872239,4285,Мосальск
0.0,UTC+3,55.7540471,37.620405,11514330,Москва
0.0,UTC+5,63.7940552,74.4948635,33401,Муравленко
1.0,UTC+3,59.3955383,48.9638417,6752,Мураши
0.0,UTC+3,60.044862,30.4571456,19775,Мурино
2.0,UTC+3,69.007721,33.0685865,307664,Мурманск
0.0,UTC+3,55.5630311,42.0231362,116078,Муром
0.0,UTC+3,53.2788438,36.5749105,43216,Мценск
0.0,UTC+7,53.7125695,87.8055646,43029,Мыски
0.0,UTC+3,55.9105782,37.7363579,173341,Мытищи
1.0,UTC+3,57.7881684,38.4544224,5932,Мышкин
0.0,UTC+3,55.7434619,52.3959165,513242,Набережные Челны
1.0,UTC+3,55.543811,42.1887089,16413,Навашино
0.0,UTC+3,57.4679066,41.9608002,10207,Наволоки
0.0,UTC+5,65.5377966,72.5182736,46550,Надым
0.0,UTC+7,56.0113799,90.4168775,52829,Назарово
1.0,UTC+3,43.2257841,44.7645779,93357,Назрань
1.0,UTC+6,55.5689323,71.3503426,12119,Называевск
2.0,UTC+3,43.4845464,43.60713,240095,Нальчик
1.0,UTC+4,46.6916565,47.8502476,11386,Нариманов
0.0,UTC+3,55.386185,36.734484,64640,Наро-Фоминск
1.0,UTC+3,43.5578075,43.8575925,31679,Нарткала
2.0,UTC+3,67.6379672,53.0069565,21296,Нарьян-Мар
0.0,UTC+10,42.8239372,132.8927361,159695,Находка
1.0,UTC+3,56.0201973,29.9239983,16324,Невель
1.0,UTC+11,46.6526899,141.8630725,11682,Невельск
0.0,UTC+3,44.6226031,41.9476723,118351,Невинномысск
1.0,UTC+5,57.49131,60.2183429,25147,Невьянск
1.0,UTC+3,56.2232566,32.7767459,22886,Нелидово
1.0,UTC+2,55.0316524,22.0324064,11794,Неман
1.0,UTC+3,57.4543369,40.5723598,22817,Нерехта
1.0,UTC+9,51.9594977,116.5852383,14976,Нерчинск
0.0,UTC+9,56.6599953,124.7202403,61746,Нерюнгри
1.0,UTC+2,54.6313814,22.5713736,4584,Нестеров
1.0,UTC+4,52.7972914,51.1637392,18732,Нефтегорск
0.0,UTC+5,56.088377,54.2483061,121757,Нефтекамск
1.0,UTC+3,44.7544552,44.9865347,27700,Нефтекумск
0.0,UTC+5,61.0882676,72.6164079,123276,Нефтеюганск
1.0,UTC+3,58.2943349,43.8780948,9827,Нея
0.0,UTC+5,60.9396698,76.5696184,251860,Нижневартовск
1.0,UTC+3,55.6313609,51.8144669,234108,Нижнекамск
0.0,UTC+8,54.8968931,99.0314056,37056,Нижнеудинск
1.0,UTC+5,56.6544959,59.2953035,11217,Нижние Серги
1.0,UTC+3,53.5300905,43.6730217,22678,Нижний Ломов
2.0,UTC+3,56.3240627,44.0053913,1250615,Нижний Новгород
0.0,UTC+5,57.910126,59.9812853,361883,Нижний Тагил
0.0,UTC+5,58.0748272,60.7025418,17969,Нижняя Салда
0.0,UTC+5,58.6309267,59.8520344,21596,Нижняя Тура
1.0,UTC+3,50.0165306,45.4731658,15081,Николаевск
0.0,UTC+10,53.1460657,140.7111367,22773,Николаевск-на-Амуре
1.0,UTC+3,59.5351837,45.4576137,8515,Никольск
1.0,UTC+3,53.7137496,46.0799857,22471,Никольск
0.0,UTC+3,59.7043309,30.7874571,19345,Никольское
0.0,UTC+3,60.1100135,32.3141203,8890,Новая Ладога
1.0,UTC+5,59.0538977,60.5944825,12400,Новая Ляля
1.0,UTC+3,45.4932733,41.2153996,26759,Новоалександровск
0.0,UTC+7,53.4119759,83.9311069,73134,Новоалтайск
1.0,UTC+3,50.5296067,42.6666439,17911,Новоаннинский
0.0,UTC+3,51.3091524,39.2162843,32635,Нововоронеж
0.0,UTC+3,64.4136851,40.8208143,40612,Новодвинск
0.0,UTC+3,52.537173,31.9357991,40552,Новозыбков
1.0,UTC+3,45.1038699,41.0475175,34847,Новокубанск
0.0,UTC+7,53.794315,87.2142745,547885,Новокузнецк
0.0,UTC+4,53.0994565,49.9477382,108449,Новокуйбышевск
0.0,UTC+3,54.0376572,39.74654,19309,Новомичуринск
1.0,UTC+3,54.0109075,38.2914024,131227,Новомосковск
1.0,UTC+3,43.9617097,43.6342865,26556,Новопавловск
1.0,UTC+3,57.029807,29.3433083,3695,Новоржев
0.0,UTC+3,44.7235026,37.7686135,241788,Новороссийск
2.0,UTC+7,55.028191,82.9211489,1498921,Новосибирск
1.0,UTC+3,52.97454,37.0437146,3799,Новосиль
1.0,UTC+3,56.3408431,30.1527573,8119,Новосокольники
0.0,UTC+5,51.1964202,58.3018192,97914,Новотроицк
1.0,UTC+4,50.455199,48.1413153,17015,Новоузенск
0.0,UTC+4,54.1447956,48.3910789,16032,Новоульяновск
0.0,UTC+5,57.2472567,60.0956714,91813,Новоуральск
1.0,UTC+3,51.0952211,41.6173404,6849,Новохоперск
0.0,UTC+3,56.1094977,47.4791113,124094,Новочебоксарск
0.0,UTC+3,47.411919,40.1042098,169039,Новочеркасск
0.0,UTC+3,47.757773,39.9363697,111087,Новошахтинск
1.0,UTC+3,50.7633747,37.8775484,19530,Новый Оскол
0.0,UTC+5,66.0839433,76.6809681,104144,Новый Уренгой
0.0,UTC+3,55.8686133,38.4622104,99762,Ногинск
1.0,UTC+3,57.5597284,49.93575,9556,Нолинск
0.0,UTC+7,69.3489978,88.2009846,175301,Норильск
0.0,UTC+5,63.2018039,75.4510581,110572,Ноябрьск
1.0,UTC+3,54.4281461,50.8049337,32600,Нурлат
1.0,UTC+5,57.9336725,55.3356084,19041,Нытва
1.0,UTC+9,63.2828955,118.3242437,10156,Нюрба
0.0,UTC+5,62.1454701,65.3946047,54903,Нягань
1.0,UTC+5,56.0536895,59.6097202,12452,Нязепетровск
1.0,UTC+3,61.6654674,40.2062947,22354,Няндома
1.0,UTC+10,49.0189345,131.0540102,9379,Облучье
0.0,UTC+3,55.0943144,36.6121639,104798,Обнинск
1.0,UTC+3,51.2119324,36.2755133,13562,Обоянь
0.0,UTC+7,54.9945576,82.6937181,26137,Обь
0.0,UTC+3,55.6789455,37.263686,139021,Одинцово
1.0,UTC+2,54.4084705,22.0134438,4740,Озерск
0.0,UTC+5,55.763154,60.7076198,82268,Озерск
0.0,UTC+3,54.8541006,38.5599196,25788,Озёры
0.0,UTC+4,53.1640488,48.670762,27244,Октябрьск
0.0,UTC+5,54.4815311,53.4655972,109379,Октябрьский
1.0,UTC+3,58.3910296,33.2901557,12464,Окуловка
1.0,UTC+9,60.3758006,120.4060878,9487,Олекминск
0.0,UTC+3,68.1422058,33.2669407,23079,Оленегорск
1.0,UTC+3,60.9794025,32.9725519,9060,Олонец
2.0,UTC+6,54.9848566,73.3674517,1154000,Омск
1.0,UTC+3,58.6698913,52.1894564,23618,Омутнинск
1.0,UTC+3,63.9162928,38.0805031,21359,Онега
1.0,UTC+3,56.710725,28.6717519,11601,Опочка
2.0,UTC+3,52.9671298,36.0696427,317854,Орёл
2.0,UTC+5,51.7875092,55.1018828,570329,Оренбург
0.0,UTC+3,55.8151421,38.9869822,120620,Орехово-Зуево
1.0,UTC+3,58.5389776,48.8927723,6959,Орлов
0.0,UTC+5,51.2294282,58.4752777,238006,Орск
1.0,UTC+5,57.2889515,55.4688668,22420,Оса
0.0,UTC+7,53.5988055,87.3371272,45997,Осинники
1.0,UTC+3,57.1456744,33.1115372,18073,Осташков
1.0,UTC+3,57.3451528,28.3437593,21670,Остров
0.0,UTC+3,68.0510344,39.5077846,2177,Островной
1.0,UTC+3,50.8677905,39.0407746,33842,Острогожск
0.0,UTC+3,59.7726848,30.7988557,23874,Отрадное
0.0,UTC+4,53.3800848,51.3438605,47709,Отрадный
1.0,UTC+11,53.5867839,142.9412411,23007,Оха
1.0,UTC+5,57.7180034,55.3872469,7597,Оханск
1.0,UTC+5,57.8852686,54.7161091,15003,Очер
1.0,UTC+3,55.9797564,43.0995042,60699,Павлово
1.0,UTC+3,50.453455,40.136874,25126,Павловск
1.0,UTC+3,55.7807244,38.6596983,63771,Павловский Посад
1.0,UTC+3,50.0500944,46.8804277,15984,Палласовка
0.0,UTC+10,43.1280578,133.1264567,38648,Партизанск
1.0,UTC+12,69.7016661,170.2999022,4161,Певек
2.0,UTC+3,53.1753314,45.0348625,519592,Пенза
0.0,UTC+3,54.8675792,43.8013992,14567,Первомайск
0.0,UTC+5,56.9080085,59.942926,149800,Первоуральск
1.0,UTC+3,55.5967718,44.5448369,9201,Перевоз
0.0,UTC+3,56.4158326,38.1733534,14142,Пересвет
0.0,UTC+3,56.7360544,38.8543617,41923,Переславль-Залесский
2.0,UTC+5,58.0102583,56.2342034,1000679,Пермь
1.0,UTC+3,58.5973723,35.8143898,15911,Пестово
0.0,UTC+3,50.1380557,45.20914,13264,Петров Вал
1.0,UTC+4,52.3094237,45.3851877,31158,Петровск
1.0,UTC+9,51.2748592,108.846681,18555,Петровск-Забайкальский
2.0,UTC+3,61.7891264,34.3596434,263540,Петрозаводск
2.0,UTC+12,53.036908,158.6559254,179526,Петропавловск-Камчатский
1.0,UTC+5,55.0650077,67.8873408,11291,Петухово
1.0,UTC+3,55.9298134,39.4508075,15167,Петушки
0.0,UTC+3,65.148584,57.2239777,43458,Печора
1.0,UTC+3,57.8145817,27.622259,12308,Печоры
0.0,UTC+3,59.5132022,34.1772776,21567,Пикалево
0.0,UTC+2,54.9516574,20.2277424,11017,Пионерский
1.0,UTC+3,61.5757191,31.4640557,11484,Питкяранта
1.0,UTC+3,53.7096415,37.2862352,16248,Плавск
1.0,UTC+5,54.3692764,60.8151894,17344,Пласт
0.0,UTC+3,57.4606031,41.5122672,2341,Плес
1.0,UTC+3,51.1954419,42.2472726,17692,Поворино
0.0,UTC+3,55.4389322,37.5703482,187956,Подольск
1.0,UTC+3,60.9127549,34.1567664,18729,Подпорожье
0.0,UTC+5,61.7422169,75.5941517,17053,Покачи
0.0,UTC+3,55.9166398,39.1734526,17762,Покров
1.0,UTC+9,61.4843503,129.1482392,9495,Покровск
0.0,UTC+5,56.4956952,60.2365298,64316,Полевской
1.0,UTC+2,54.8625126,21.0998067,7580,Полесск
0.0,UTC+7,54.6055,86.2809208,27624,Полысаево
0.0,UTC+3,67.373084,32.4975636,15106,Полярные Зори
0.0,UTC+3,69.1989583,33.4508591,17304,Полярный
1.0,UTC+11,49.238866,143.1008333,16461,Поронайск
1.0,UTC+3,57.7765219,29.5436626,10608,Порхов
0.0,UTC+4,53.6498299,52.1235156,28181,Похвистнево
1.0,UTC+3,52.9154851,33.4744058,17933,Почеп
1.0,UTC+3,54.406244,32.4398039,8776,Починок
1.0,UTC+3,58.5062879,39.1208434,6085,Пошехонье
1.0,UTC+2,54.4430986,21.0085269,4323,Правдинск
1.0,UTC+3,57.3805743,41.2808565,16749,Приволжск
0.0,UTC+2,54.7311437,19.9981926,1956,Приморск
0.0,UTC+3,60.3660209,28.6135772,6122,Приморск
1.0,UTC+3,46.0515432,38.1704875,32253,Приморско-Ахтарск
1.0,UTC+3,61.0330896,30.1587851,18929,Приозерск
0.0,UTC+7,53.8604265,86.7183577,210150,Прокопьевск
1.0,UTC+3,46.7038963,41.727594,20267,Пролетарск
0.0,UTC+3,54.8705984,37.2182749,37308,Протвино
0.0,UTC+3,43.7589602,44.0102409,59595,Прохладный
2.0,UTC+3,57.8194415,28.3317198,203974,Псков
1.0,UTC+4,52.0159921,48.7972223,41705,Пугачев
1.0,UTC+3,61.8058821,36.5329941,9698,Пудож
1.0,UTC+3,56.3374813,29.3668055,4619,Пустошка
1.0,UTC+3,56.9820688,43.1683321,8583,Пучеж
1.0,UTC+3,56.0103638,37.8471403,102840,Пушкино
0.0,UTC+3,54.8324412,37.6210346,20263,Пущино
1.0,UTC+3,57.0637952,27.9236214,5826,Пыталово
0.0,UTC+5,60.7585833,72.8365617,41453,Пыть-Ях
0.0,UTC+3,44.041091,43.0661553,142397,Пятигорск
0.0,UTC+3,55.9960277,40.3321855,18212,Радужный
0.0,UTC+5,62.1342888,77.4584094,43394,Радужный
0.0,UTC+9,49.7941615,129.4112492,20499,Райчихинск
1.0,UTC+3,55.5495132,38.2728914,96355,Раменское
0.0,UTC+3,52.6538833,41.874285,45484,Рассказово
0.0,UTC+5,56.7986319,59.9071591,61713,Ревда
1.0,UTC+5,57.3717477,61.3833842,38709,Реж
0.0,UTC+3,55.7582621,37.8618553,87195,Реутов
0.0,UTC+3,56.262881,34.3291002,62026,Ржев
1.0,UTC+3,57.1025975,41.7298834,26318,Родники
1.0,UTC+3,53.9449558,32.8480258,54898,Рославль
1.0,UTC+3,50.1701949,39.6226965,62865,Россошь
1.0,UTC+3,57.2051315,39.4378622,31791,Ростов
2.0,UTC+3,47.2224566,39.718803,1091544,Ростов-на-Дону
0.0,UTC+3,55.6632776,39.8656147,21265,Рошаль
0.0,UTC+4,52.2616271,43.7842248,41295,Ртищево
0.0,UTC+7,51.5012067,81.2078695,146386,Рубцовск
1.0,UTC+3,54.9441093,31.0794806,10029,Рудня
1.0,UTC+3,55.7014744,36.1959206,13495,Руза
1.0,UTC+3,54.0581967,44.9490466,47529,Рузаевка
1.0,UTC+3,58.0485495,38.8584119,200771,Рыбинск
1.0,UTC+3,54.7256164,39.5134398,18378,Рыбное
1.0,UTC+3,51.5681314,34.6802597,15667,Рыльск
1.0,UTC+3,53.7067584,40.0522274,21676,Ряжск
2.0,UTC+3,54.6254445,39.7358609,525062,Рязань
0.0,UTC+3,45.1341997,33.6033383,25146,Саки
0.0,UTC+5,53.3616974,55.9245224,156085,Салават
0.0,UTC+7,54.2351735,85.8030733,8263,Салаир
2.0,UTC+5,66.5492077,66.6085318,42494,Салехард
1.0,UTC+3,46.4752095,41.5410415,61312,Сальск
2.0,UTC+4,53.1950306,50.1069518,1164900,Самара
2.0,UTC+3,54.1809332,45.1862632,318841,Саранск
0.0,UTC+4,56.4615767,53.8037657,101390,Сарапул
2.0,UTC+4,51.533557,46.034257,836900,Саратов
0.0,UTC+3,54.9228268,43.3448089,92073,Саров
0.0,UTC+3,54.3508885,41.9117422,28117,Сасово
1.0,UTC+5,55.0405288,59.0288975,45465,Сатка
1.0,UTC+3,55.1199661,33.2336988,46116,Сафоново
0.0,UTC+7,53.1008083,91.4122454,49889,Саяногорск
0.0,UTC+8,54.1107238,102.18015,40786,Саянск
1.0,UTC+2,54.9439286,20.1514295,10775,Светлогорск
1.0,UTC+3,45.328659,42.8565714,38520,Светлоград
0.0,UTC+2,54.6772897,20.1357595,21380,Светлый
0.0,UTC+3,61.1111282,28.8725865,15973,Светогорск
0.0,UTC+8,53.0842668,103.3364093,13649,Свирск
0.0,UTC+9,51.3614103,128.1219729,58594,Свободный
1.0,UTC+3,56.2908554,28.4724326,6375,Себеж
0.0,UTC+3,44.6167013,33.525355,393304,Севастополь
1.0,UTC+11,50.6730577,156.1282211,2381,Северо-Курильск
0.0,UTC+8,55.635614,109.3361505,23673,Северобайкальск
0.0,UTC+3,64.5625385,39.8180934,192265,Северодвинск
0.0,UTC+3,69.0766801,33.4177759,50076,Североморск
0.0,UTC+5,60.1533109,59.9525245,29279,Североуральск
0.0,UTC+7,56.6031285,84.8809926,108466,Северск
1.0,UTC+3,52.1483358,34.4918415,7282,Севск
1.0,UTC+3,63.7437572,34.3126982,29660,Сегежа
0.0,UTC+3,53.3739884,34.1059172,17933,Сельцо
0.0,UTC+3,56.7889794,44.4902885,24472,Семенов
1.0,UTC+3,47.5177337,40.8114167,23884,Семикаракорск
1.0,UTC+3,51.6951644,39.0190454,26025,Семилуки
1.0,UTC+4,53.958964,48.7768269,6959,Сенгилей
1.0,UTC+3,49.5663183,42.7360402,9368,Серафимович
1.0,UTC+3,55.5201515,45.4813231,21387,Сергач
0.0,UTC+3,56.3062548,38.1502661,110878,Сергиев Посад
1.0,UTC+3,52.4697595,44.2122414,35393,Сердобск
0.0,UTC+5,59.6047724,60.5753882,99381,Серов
0.0,UTC+3,54.9226466,37.4033859,126496,Серпухов
0.0,UTC+3,60.1446932,30.2095918,47854,Сертолово
0.0,UTC+5,52.7204651,58.6663783,62732,Сибай
0.0,UTC+5,54.9907827,57.6900155,14465,Сим
0.0,UTC+3,44.9482948,34.1001151,332317,Симферополь
1.0,UTC+9,53.9871095,123.9437205,9561,Сковородино
1.0,UTC+3,53.823543,39.5492421,30374,Скопин
0.0,UTC+7,52.999463,78.6459232,30370,Славгород
1.0,UTC+2,55.0449714,21.6742367,4614,Славск
1.0,UTC+3,45.2603626,38.1259774,63768,Славянск-на-Кубани
1.0,UTC+3,59.1178185,28.0881475,33587,Сланцы
1.0,UTC+3,58.7311574,50.1669249,33983,Слободской
1.0,UTC+8,51.6563983,103.7187545,18542,Слюдянка
2.0,UTC+3,54.782635,32.045251,326863,Смоленск
0.0,UTC+5,56.0851495,60.7324914,48896,Снежинск
0.0,UTC+3,69.1921409,33.2383502,12698,Снежногорск
1.0,UTC+3,55.9939169,40.0179653,19482,Собинка
0.0,UTC+2,55.0809336,21.8886106,41709,Советск
1.0,UTC+3,57.584196,48.9590272,16592,Советск
0.0,UTC+3,53.9338874,37.6316141,7537,Советск
0.0,UTC+10,48.9664966,140.285174,27712,Советская Гавань
1.0,UTC+5,61.3706913,63.5667222,26434,Советский
1.0,UTC+3,59.4758605,40.1114187,38454,Сокол
1.0,UTC+3,59.0784867,42.2878423,6438,Солигалич
0.0,UTC+5,59.6482998,56.771009,97239,Соликамск
1.0,UTC+3,56.185102,36.977631,52996,Солнечногорск
1.0,UTC+5,51.1633736,54.9896726,26308,Соль-Илецк
0.0,UTC+3,61.3319616,46.920441,2460,Сольвычегодск
1.0,UTC+3,58.1201281,30.309351,10317,Сольцы
0.0,UTC+5,52.426685,53.1542745,30136,Сорочинск
0.0,UTC+7,54.0002888,90.2594446,12140,Сорск
0.0,UTC+3,61.703367,30.6916998,19215,Сортавала
0.0,UTC+3,54.0566016,35.9621646,12394,Сосенский
0.0,UTC+3,56.2532741,51.2833642,11960,Сосновка
0.0,UTC+7,56.1202647,93.3354121,33090,Сосновоборск
0.0,UTC+3,59.8772884,29.1291619,65901,Сосновый Бор
0.0,UTC+3,63.5989841,53.876293,27809,Сосногорск
0.0,UTC+3,43.5854551,39.7231548,343285,Сочи
1.0,UTC+3,54.409922,34.0189631,4904,Спас-Деменск
1.0,UTC+3,55.1291721,40.1745338,5917,Спас-Клепики
1.0,UTC+3,53.9271974,43.1859073,7442,Спасск
0.0,UTC+10,44.5901175,132.8157288,44166,Спасск-Дальний
1.0,UTC+3,54.4070719,40.3763426,7745,Спасск-Рязанский
1.0,UTC+11,67.4582218,153.7069425,3525,Среднеколымск
0.0,UTC+5,56.9918901,60.4771018,20357,Среднеуральск
1.0,UTC+9,52.2461454,117.7117842,6850,Сретенск
2.0,UTC+3,45.044516,41.9689655,398266,Ставрополь
0.0,UTC+3,55.810648,38.175624,21859,Старая Купавна
1.0,UTC+3,57.990737,31.3554897,32235,Старая Русса
1.0,UTC+3,56.514876,34.9336396,8610,Старица
1.0,UTC+3,52.5852257,32.760403,19010,Стародуб
0.0,UTC+3,45.029058,35.0901474,9277,Старый Крым
1.0,UTC+3,51.2967101,37.8350182,221163,Старый Оскол
1.0,UTC+5,53.6300864,55.9317089,273432,Стерлитамак
0.0,UTC+7,60.732895,77.604122,42216,Стрежевой
1.0,UTC+3,50.7845099,36.4887648,23933,Строитель
0.0,UTC+3,56.3749967,38.5839667,14372,Струнино
1.0,UTC+3,54.886274,38.078228,66942,Ступино
1.0,UTC+3,54.1343585,36.4807419,18975,Суворов
0.0,UTC+3,44.8504679,34.9762034,16492,Судак
1.0,UTC+3,51.1918927,35.2720915,6036,Суджа
1.0,UTC+3,55.9498056,40.8562939,11848,Судогда
1.0,UTC+3,56.4274441,40.4525692,10535,Суздаль
1.0,UTC+3,43.3204196,45.0476331,64493,Сунжа
1.0,UTC+3,62.0787293,32.3499386,9763,Суоярви
1.0,UTC+3,53.0170888,32.3938878,11640,Сураж
0.0,UTC+5,61.2541083,73.3961587,306703,Сургут
1.0,UTC+3,48.618917,42.8541163,20527,Суровикино
0.0,UTC+3,53.0761357,45.6910796,7032,Сурск
1.0,UTC+11,62.7805882,148.1540281,5865,Сусуман
1.0,UTC+3,54.097296,35.3443568,16295,Сухиничи
0.0,UTC+5,56.9076193,62.0358093,34836,Сухой Лог
0.0,UTC+4,53.1558674,48.4744629,178773,Сызрань
2.0,UTC+3,61.6686617,50.8358151,235006,Сыктывкар
1.0,UTC+5,56.5005715,60.8190003,20594,Сысерть
1.0,UTC+3,55.8308821,34.2778793,8111,Сычевка
0.0,UTC+3,60.1401739,32.5601559,13747,Сясьстрой
0.0,UTC+5,58.0434672,65.274217,35421,Тавда
0.0,UTC+3,47.2094917,38.9350989,257692,Таганрог
0.0,UTC+7,56.0622131,85.6207182,25330,Тайга
0.0,UTC+8,55.9405334,98.0030145,35481,Тайшет
1.0,UTC+3,56.7308564,37.5276003,13819,Талдом
1.0,UTC+5,57.0122687,63.7320757,18339,Талица
2.0,UTC+3,52.7213154,41.452264,280457,Тамбов
1.0,UTC+6,56.9160511,74.3649194,26664,Тара
1.0,UTC+5,64.9118803,77.7610236,20372,Тарко-Сале
0.0,UTC+3,54.7236477,37.1671,9656,Таруса
0.0,UTC+7,55.2146167,75.9739914,26114,Татарск
1.0,UTC+7,52.759313,87.8476546,23114,Таштагол
2.0,UTC+3,56.8586059,35.9116761,403726,Тверь
0.0,UTC+3,43.4437731,41.7415142,9097,Теберда
1.0,UTC+3,56.8542719,40.5353874,34993,Тейково
1.0,UTC+3,54.6310583,43.2161099,7247,Темников
1.0,UTC+3,45.2610949,37.4454412,38014,Темрюк
1.0,UTC+3,43.4839358,44.1402161,19170,Терек
1.0,UTC+3,54.936516,48.8314533,11596,Тетюши
1.0,UTC+3,45.615923,38.9351837,53921,Тимашевск
1.0,UTC+3,59.6272904,33.5072731,58843,Тихвин
1.0,UTC+3,45.8546345,40.1260267,61825,Тихорецк
0.0,UTC+5,58.2017299,68.2538558,99698,Тобольск
1.0,UTC+7,55.2251631,84.4104118,21531,Тогучин
0.0,UTC+4,53.5205348,49.3894028,719484,Тольятти
1.0,UTC+11,47.7620108,142.0615837,4537,Томари
0.0,UTC+9,58.9586859,126.2875462,8054,Томмот
2.0,UTC+7,56.4845804,84.9481582,522940,Томск
1.0,UTC+7,55.2764707,85.6152619,28642,Топки
0.0,UTC+3,57.04133,34.9602344,47702,Торжок
1.0,UTC+3,56.5012188,31.6355466,13018,Торопец
1.0,UTC+3,59.5407098,30.877812,39127,Тосно
1.0,UTC+3,59.9734998,42.7589506,9784,Тотьма
0.0,UTC+5,54.8178249,58.4464194,33678,Трехгорный
0.0,UTC+5,54.0843745,61.5586831,78637,Троицк
1.0,UTC+3,52.5791734,33.7660547,15014,Трубчевск
1.0,UTC+3,44.1105335,39.0824904,63233,Туапсе
1.0,UTC+5,54.5999224,53.6950623,66849,Туймазы
2.0,UTC+3,54.1920559,37.6153842,501129,Тула
0.0,UTC+8,54.557162,100.5780603,44603,Тулун
1.0,UTC+7,52.1449619,93.9173396,4988,Туран
1.0,UTC+5,58.0393524,63.6981973,17990,Туринск
1.0,UTC+3,57.8674993,39.5369627,41001,Тутаев
0.0,UTC+9,55.1546441,124.7468904,35574,Тында
1.0,UTC+3,43.3981585,42.9213582,21000,Тырныауз
1.0,UTC+6,55.8703415,72.1954747,12050,Тюкалинск
2.0,UTC+5,57.1529744,65.5344099,581758,Тюмень
0.0,UTC+3,51.9767841,42.2529799,26829,Уварово
1.0,UTC+11,49.0815774,142.0692639,11880,Углегорск
1.0,UTC+3,57.5224249,38.3020044,34505,Углич
0.0,UTC+9,66.4071765,112.3061555,12611,Удачный
1.0,UTC+3,57.8787314,35.0167348,31048,Удомля
1.0,UTC+7,55.3141969,89.8333918,16079,Ужур
1.0,UTC+3,53.9730452,38.1763201,55282,Узловая
2.0,UTC+8,51.8335853,107.5842223,431922,Улан-Удэ
2.0,UTC+4,54.3079415,48.3748487,613793,Ульяновск
1.0,UTC+3,52.8461199,32.6757629,26196,Унеча
0.0,UTC+5,60.1296954,64.8038508,39435,Урай
1.0,UTC+3,57.4612572,45.7833293,12311,Урень
1.0,UTC+3,57.1097477,50.0058097,10213,Уржум
0.0,UTC+3,50.7903789,42.0288513,41594,Урюпинск
0.0,UTC+3,65.994147,57.5569423,41100,Усинск
1.0,UTC+3,52.0442648,39.726401,18752,Усмань
1.0,UTC+5,59.4277573,56.6837872,5694,Усолье
0.0,UTC+8,52.7565808,103.6388109,83364,Усолье-Сибирское
0.0,UTC+10,43.7971818,131.9518229,157946,Уссурийск
1.0,UTC+3,44.0838442,41.9711046,30602,Усть-Джегута
0.0,UTC+8,57.9430504,102.7415734,86591,Усть-Илимск
0.0,UTC+5,54.9260812,58.152805,23586,Усть-Катав
0.0,UTC+8,56.7928178,105.7757343,45061,Усть-Кут
1.0,UTC+3,45.2227359,39.6929577,43268,Усть-Лабинск
1.0,UTC+3,58.8383117,36.4425478,9478,Устюжна
2.0,UTC+5,54.734944,55.9578468,1062300,Уфа
0.0,UTC+3,63.5565514,53.7014239,99642,Ухта
1.0,UTC+5,54.3067375,59.4125461,37771,Учалы
1.0,UTC+7,55.8131263,94.3282601,12666,Уяр
1.0,UTC+3,52.0917728,35.8538706,5404,Фатеж
0.0,UTC+3,45.0318393,35.3824259,69038,Феодосия
0.0,UTC+3,53.4554145,34.4159238,13874,Фокино
0.0,UTC+10,42.9706317,132.4110196,23683,Фокино
0.0,UTC+3,49.7649148,43.6648641,39489,Фролово
0.0,UTC+3,55.9590588,38.0410235,55449,Фрязино
1.0,UTC+3,57.2539276,41.1054432,36149,Фурманов
2.0,UTC+10,48.4647258,135.0598942,577668,Хабаровск
0.0,UTC+3,44.4122963,39.5320258,21580,Хадыженск
2.0,UTC+5,61.0023984,69.0184798,79410,Ханты-Мансийск
1.0,UTC+4,47.408999,47.2525345,18209,Харабали
1.0,UTC+3,59.9479423,40.2000298,10078,Харовск
0.0,UTC+3,43.2504665,46.5851292,133929,Хасавюрт
0.0,UTC+4,52.4951572,48.1045771,13199,Хвалынск
1.0,UTC+9,51.3634856,110.4590898,11530,Хилок
0.0,UTC+3,55.888657,37.4303702,207125,Химки
1.0,UTC+3,57.145108,31.1787499,3829,Холм
1.0,UTC+11,47.0408423,142.041688,30936,Холмск
0.0,UTC+3,56.2516982,37.9396017,21612,Хотьково
1.0,UTC+3,55.8650213,47.4729349,13478,Цивильск
1.0,UTC+3,47.6477448,42.0931505,15029,Цимлянск
0.0,UTC+9,51.762481,128.1219846,6208,Циолковский
1.0,UTC+7,51.2844502,91.5788609,9037,Чадан
0.0,UTC+5,56.7781501,54.1477965,82933,Чайковский
0.0,UTC+4,52.928961,49.8673269,72689,Чапаевск
1.0,UTC+3,53.24048,39.9670973,12656,Чаплыгин
0.0,UTC+5,54.9818567,60.3773121,43405,Чебаркуль
2.0,UTC+3,56.1438298,47.2489782,447929,Чебоксары
1.0,UTC+3,43.5671525,43.5865792,17988,Чегем
0.0,UTC+3,54.0984438,36.2474142,994,Чекалин
2.0,UTC+5,55.1602624,61.4008078,1130273,Челябинск
1.0,UTC+5,60.4011933,56.4799933,4920,Чердынь
0.0,UTC+8,53.1369095,103.0901268,52650,Черемхово
1.0,UTC+7,54.2206476,83.3724521,19346,Черепаново
0.0,UTC+3,59.1269212,37.9090497,312311,Череповец
2.0,UTC+3,44.2269425,42.0466704,121439,Черкесск
0.0,UTC+5,58.7842834,56.1507138,4017,Чермоз
0.0,UTC+3,56.010005,38.379245,20986,Черноголовка
0.0,UTC+7,53.8259342,91.3260229,72117,Черногорск
1.0,UTC+5,56.5160768,56.0763049,33275,Чернушка
1.0,UTC+2,54.6244751,21.7969062,40464,Черняховск
1.0,UTC+3,55.1508011,37.4533252,60677,Чехов
1.0,UTC+3,55.3699139,50.6285784,60703,Чистополь
2.0,UTC+9,52.0340142,113.4994,323964,Чита
1.0,UTC+3,56.7651262,43.242077,12371,Чкаловск
1.0,UTC+3,59.1248394,31.6866241,16148,Чудово
1.0,UTC+7,55.0906867,80.9592508,11964,Чулым
0.0,UTC+5,58.2974596,57.8193615,46740,Чусовой
1.0,UTC+3,58.753421,42.6884958,5209,Чухлома
1.0,UTC+7,51.5346393,92.9199675,10958,Шагонар
0.0,UTC+5,56.0870344,63.6297182,77744,Шадринск
1.0,UTC+3,43.1488691,45.9009629,47715,Шали
0.0,UTC+7,55.5389739,89.1801044,38570,Шарыпово
1.0,UTC+3,58.3760542,45.4062414,23668,Шарья
0.0,UTC+3,47.7085287,40.2159846,240152,Шахты
0.0,UTC+3,57.6764293,46.6129009,21337,Шахунья
1.0,UTC+3,54.0287312,41.7181803,6562,Шацк
1.0,UTC+3,50.4004883,36.8877889,44277,Шебекино
0.0,UTC+8,52.2102538,104.0973294,47960,Шелехов
1.0,UTC+3,62.1057272,42.8996973,5702,Шенкурск
1.0,UTC+9,51.8497035,116.0334461,13947,Шилка
0.0,UTC+9,52.0051886,127.7005458,19815,Шимановск
0.0,UTC+4,52.1147391,47.2023118,6067,Шиханы
0.0,UTC+3,59.9443714,31.0333365,13305,Шлиссельбург
0.0,UTC+3,55.4962415,46.4182681,33412,Шумерля
1.0,UTC+5,55.2280246,63.2901272,17821,Шумиха
1.0,UTC+3,56.8560234,41.3800939,58528,Шуя
1.0,UTC+3,54.0020652,37.5176288,58154,Щекино
0.0,UTC+3,45.4288991,35.825165,10620,Щелкино
1.0,UTC+3,55.9233801,37.9783707,110380,Щёлково
1.0,UTC+3,51.8786014,36.8910945,17043,Щигры
1.0,UTC+5,55.2087637,62.7478548,10971,Щучье
0.0,UTC+3,55.8780241,38.7806752,22120,Электрогорск
0.0,UTC+3,55.7847291,38.4447045,155324,Электросталь
0.0,UTC+3,55.7170877,38.2192563,20120,Электроугли
2.0,UTC+3,46.3083344,44.2702088,103728,Элиста
0.0,UTC+4,51.4854003,46.126722,202838,Энгельс
1.0,UTC+3,51.830932,40.8074182,11387,Эртиль
0.0,UTC+5,61.3123568,63.3365484,34066,Югорск
1.0,UTC+3,56.5926877,42.0458099,14170,Южа
2.0,UTC+11,46.9591631,142.737976,181727,Южно-Сахалинск
0.0,UTC+3,44.6602467,45.6499523,10048,Южно-Сухокумск
0.0,UTC+5,54.448927,61.2581158,37890,Южноуральск
0.0,UTC+7,55.7202694,84.8886399,81536,Юрга
1.0,UTC+3,56.4937757,39.6680539,19588,Юрьев-Польский
1.0,UTC+3,57.3177781,43.1110401,10205,Юрьевец
0.0,UTC+5,54.854662,58.4226698,12568,Юрюзань
1.0,UTC+3,54.7446445,35.2424346,7056,Юхнов
1.0,UTC+3,55.9406974,46.2020896,9614,Ядрин
2.0,UTC+9,62.0281405,129.7325887,269486,Якутск
0.0,UTC+3,44.4164605,34.0444797,7771,Ялта
0.0,UTC+3,44.4953612,34.166308,76746,Ялта
1.0,UTC+5,56.6547289,66.3122992,36494,Ялуторовск
1.0,UTC+5,56.2650146,54.929907,26988,Янаул
1.0,UTC+3,57.3040326,47.8478737,17252,Яранск
0.0,UTC+7,52.9252146,78.5729775,18085,Яровое
2.0,UTC+3,57.6215477,39.8977411,591486,Ярославль
1.0,UTC+3,55.0564732,32.6902302,47853,Ярцево
1.0,UTC+3,54.4795484,37.6896048,16804,Ясногорск
1.0,UTC+5,51.036838,59.874344,16082,Ясный
0.0,UTC+3,56.2890516,37.4831799,13248,Яхрома
0.0,UTC+3,55.5777427,39.5445712,32836,Шатура
0.0,UTC+3,59.9391313,30.3159004,4848742,Санкт-Петербург
1.0,UTC+3,43.120175,45.539276,49071,Урус-Мартан
1.0,UTC+3,54.3503696,38.26553,12668,Венёв
1.0,UTC+3,54.006025,86.636688,83431,Киселёвск
1.0,UTC+3,53.810152,36.130097,12746,Белёв
1.0,UTC+3,53.40172,49.494657,50466,Жигулёвск
1.0,UTC+3,57.885268,54.716096,14385,Очёр
1.0,UTC+3,55.961818,94.709228,9954,Заозёрный
1.0,UTC+3,45.6142,38.933973,51858,Тимашёвск
1.0,UTC+3,57.584174,34.558836,44722,Вышний Волочёк
1.0,UTC+3,43.353047,132.180339,109556,Артём
1.0,UTC+3,44.781528,44.165024,58103,Будённовск
1.0,UTC+3,54.001574,37.518165,55109,Щёкино
1.0,UTC+3,56.909583,60.816457,59698,Берёзовский
1.0,UTC+3,57.337669,61.895513,28943,Артёмовский
1.0,UTC+3,54.887036,37.116232,11745,Кремёнки
1.0,UTC+3,52.0119,48.812036,40127,Пугачёв
1.0,UTC+3,51.100286,41.631461,5948,Новохопёрск
1.0,UTC+3,54.814652,58.44662,32463,Трёхгорный
1.0,UTC+3,59.512684,34.177483,20388,Пикалёво
1.0,UTC+3,55.763189,60.707608,76896,Озёрск
1.0,UTC+3,56.909583,60.816457,59698,Берёзовский
1.0,UTC+3,55.934296,39.63385,1890,Костерёво
1.0,UTC+3,56.789017,44.49034,1644,Семёнов
1.0,UTC+3,60.372981,120.403084,8398,Олёкминск
1.0,UTC+3,55.826746,34.276055,7544,Сычёвка
1.0,UTC+3,52.12778,35.080353,6317,Дмитриев-Льговский
